Darwin;Calle;Profesion;dacl010812@gmail.com
Jose;Calle;Profesion;dacl010813@gmail.com
David;Lopez;Profesion;dacl010814@gmail.com
Martha;Cisneros;Profesion;dacl010815@gmail.com
David;Lopez;Profesion;dacl010814@gmail.com
Martha;Cisneros;Profesion;dacl010815@gmail.com
David;Lopez;Profesion;dacl010814@gmail.com
Martha;Cisneros;Profesion;dacl010815@gmail.com
David;Lopez;Profesion;dacl010814@gmail.com
Martha;Cisneros;Profesion;dacl010815@gmail.com
David;Lopez;Profesion;dacl010814@gmail.com
Martha;Cisneros;Profesion;dacl010815@gmail.com
